{"cameraMode":{"drawMode":0,"name":"Shaded","section":"Shading Mode"},"sceneLighting":false,"audioPlay":false,"sceneViewState":{"showFog":true,"showMaterialUpdate":false,"showSkybox":true,"showFlares":true,"showImageEffects":true,"showParticleSystems":true},"in2DMode":false,"pivot":{"x":0.01495361328125,"y":1.280861496925354,"z":1.4589040279388428},"rotation":{"x":-0.1671402007341385,"y":0.028688225895166398,"z":-0.004865431226789951,"w":-0.9855037331581116},"size":0.44690507650375368,"orthographic":false}