{"cameraMode":{"drawMode":0,"name":"Shaded","section":"Shading Mode"},"sceneLighting":false,"audioPlay":false,"sceneViewState":{"showFog":true,"showMaterialUpdate":false,"showSkybox":true,"showFlares":true,"showImageEffects":true,"showParticleSystems":true},"in2DMode":false,"pivot":{"x":0.0,"y":-0.0037106871604919435,"z":-0.001974046230316162},"rotation":{"x":0.02027883194386959,"y":-0.9655414819717407,"z":0.24705743789672852,"w":0.07925375550985336},"size":5.021050453186035,"orthographic":false}