{"cameraMode":{"drawMode":0,"name":"Shaded","section":"Shading Mode"},"sceneLighting":false,"audioPlay":false,"sceneViewState":{"showFog":true,"showMaterialUpdate":false,"showSkybox":true,"showFlares":true,"showImageEffects":true,"showParticleSystems":true},"in2DMode":false,"pivot":{"x":3.9492204189300539,"y":0.2966563105583191,"z":3.826939105987549},"rotation":{"x":0.000910752103663981,"y":-0.9528167247772217,"z":0.002858476247638464,"w":0.3035314679145813},"size":1.1325030326843262,"orthographic":false}