{"cameraMode":{"drawMode":0,"name":"Shaded","section":"Shading Mode"},"sceneLighting":false,"audioPlay":false,"sceneViewState":{"showFog":true,"showMaterialUpdate":false,"showSkybox":true,"showFlares":true,"showImageEffects":true,"showParticleSystems":true},"in2DMode":false,"pivot":{"x":3.9495136737823488,"y":0.2980000078678131,"z":3.827312707901001},"rotation":{"x":0.5347380042076111,"y":-0.07908879220485687,"z":0.05035834014415741,"w":0.8398001790046692},"size":22.0,"orthographic":false}