{"cameraMode":{"drawMode":0,"name":"Shaded","section":"Shading Mode"},"sceneLighting":false,"audioPlay":false,"sceneViewState":{"showFog":true,"showMaterialUpdate":false,"showSkybox":true,"showFlares":true,"showImageEffects":true,"showParticleSystems":true},"in2DMode":false,"pivot":{"x":-0.5964109897613525,"y":1.5311734676361085,"z":0.4569660425186157},"rotation":{"x":0.23373854160308839,"y":0.514896035194397,"z":-0.14833927154541017,"w":0.8113222718238831},"size":3.997014284133911,"orthographic":false}