{"cameraMode":{"drawMode":0,"name":"Shaded","section":"Shading Mode"},"sceneLighting":false,"audioPlay":false,"sceneViewState":{"showFog":true,"showMaterialUpdate":false,"showSkybox":true,"showFlares":true,"showImageEffects":true,"showParticleSystems":true},"in2DMode":false,"pivot":{"x":0.043149977922439578,"y":1.2818903923034669,"z":1.448959231376648},"rotation":{"x":0.0929170548915863,"y":0.8361557126045227,"z":-0.14956480264663697,"w":0.5194617509841919},"size":0.46546199917793276,"orthographic":false}