{"cameraMode":{"drawMode":0,"name":"Shaded","section":"Shading Mode"},"sceneLighting":false,"audioPlay":false,"sceneViewState":{"showFog":true,"showMaterialUpdate":false,"showSkybox":true,"showFlares":true,"showImageEffects":true,"showParticleSystems":true},"in2DMode":false,"pivot":{"x":-0.4200000762939453,"y":0.11999999731779099,"z":0.26999998092651369},"rotation":{"x":-0.15788565576076508,"y":0.07398436218500138,"z":-0.011863984167575837,"w":-0.9846104383468628},"size":0.6791411638259888,"orthographic":false}