{"cameraMode":{"drawMode":0,"name":"Shaded","section":"Shading Mode"},"sceneLighting":false,"audioPlay":false,"sceneViewState":{"showFog":true,"showMaterialUpdate":false,"showSkybox":true,"showFlares":true,"showImageEffects":true,"showParticleSystems":true},"in2DMode":false,"pivot":{"x":33.2599983215332,"y":8.479999542236329,"z":6.940000057220459},"rotation":{"x":0.34777873754501345,"y":-0.38676899671554568,"z":0.16034135222434998,"w":0.8388983011245728},"size":22.0,"orthographic":false}