{"cameraMode":{"drawMode":0,"name":"Shaded","section":"Shading Mode"},"sceneLighting":false,"audioPlay":false,"sceneViewState":{"showFog":true,"showMaterialUpdate":false,"showSkybox":true,"showFlares":true,"showImageEffects":true,"showParticleSystems":true},"in2DMode":false,"pivot":{"x":0.0,"y":-0.0036421427503228189,"z":-0.001937519758939743},"rotation":{"x":-0.0009519226150587201,"y":-0.9990242719650269,"z":0.034480057656764987,"w":-0.027582043781876565},"size":0.0727037638425827,"orthographic":true}