{"cameraMode":{"drawMode":0,"name":"Shaded","section":"Shading Mode"},"sceneLighting":false,"audioPlay":false,"sceneViewState":{"showFog":true,"showMaterialUpdate":false,"showSkybox":true,"showFlares":true,"showImageEffects":true,"showParticleSystems":true},"in2DMode":false,"pivot":{"x":0.0,"y":1.3259999752044678,"z":1.4479999542236329},"rotation":{"x":0.15647141635417939,"y":0.4514169692993164,"z":-0.0807458758354187,"w":0.8747683167457581},"size":0.15010027587413789,"orthographic":false}