{"cameraMode":{"drawMode":0,"name":"Shaded","section":"Shading Mode"},"sceneLighting":false,"audioPlay":false,"sceneViewState":{"showFog":true,"showMaterialUpdate":false,"showSkybox":true,"showFlares":true,"showImageEffects":true,"showParticleSystems":true},"in2DMode":false,"pivot":{"x":0.0,"y":1.2292062044143677,"z":0.48598000407218935},"rotation":{"x":-0.0706215500831604,"y":0.6160482168197632,"z":-0.0555945560336113,"w":-0.7825640439987183},"size":0.19355781376361848,"orthographic":false}