{"cameraMode":{"drawMode":0,"name":"Shaded","section":"Shading Mode"},"sceneLighting":false,"audioPlay":false,"sceneViewState":{"showFog":true,"showMaterialUpdate":false,"showSkybox":true,"showFlares":true,"showImageEffects":true,"showParticleSystems":true},"in2DMode":false,"pivot":{"x":0.00604248046875,"y":-0.025349024683237077,"z":0.029360538348555566},"rotation":{"x":0.1070857048034668,"y":0.7738794684410095,"z":-0.13603070378303529,"w":0.6092117428779602},"size":0.11594347655773163,"orthographic":false}