{"cameraMode":{"drawMode":0,"name":"Shaded","section":"Shading Mode"},"sceneLighting":false,"audioPlay":false,"sceneViewState":{"showFog":true,"showMaterialUpdate":false,"showSkybox":true,"showFlares":true,"showImageEffects":true,"showParticleSystems":true},"in2DMode":false,"pivot":{"x":-0.038900017738342288,"y":1.3363959789276124,"z":1.6140000820159913},"rotation":{"x":0.23373854160308839,"y":0.514896035194397,"z":-0.14833927154541017,"w":0.8113222718238831},"size":1.349635124206543,"orthographic":false}