{"cameraMode":{"drawMode":0,"name":"Shaded","section":"Shading Mode"},"sceneLighting":false,"audioPlay":false,"sceneViewState":{"showFog":true,"showMaterialUpdate":false,"showSkybox":true,"showFlares":true,"showImageEffects":true,"showParticleSystems":true},"in2DMode":false,"pivot":{"x":0.0,"y":-0.0037106573581695558,"z":-0.00197397917509079},"rotation":{"x":0.029582269489765168,"y":-0.9682005047798157,"z":0.20575527846813203,"w":0.13920311629772187},"size":0.4252319633960724,"orthographic":false}